<?xml version="1.0" encoding="UTF-8"?>
<project-private xmlns="http://www.netbeans.org/ns/project-private/1">
    <editor-bookmarks xmlns="http://www.netbeans.org/ns/editor-bookmarks/2" lastBookmarkId="0"/>
    <open-files xmlns="http://www.netbeans.org/ns/projectui-open-files/2">
        <group>
            <file>file:/home/JordanWeber/NetBeansProjects/SlickExampleJordan/src/slickexample/Orb.java</file>
            <file>file:/home/JordanWeber/NetBeansProjects/SlickExampleJordan/src/slickexample/Item1.java</file>
            <file>file:/home/JordanWeber/NetBeansProjects/SlickExampleJordan/src/slickexample/win.java</file>
            <file>file:/home/JordanWeber/NetBeansProjects/SlickExampleJordan/src/slickexample/Enemy.java</file>
            <file>file:/home/JordanWeber/NetBeansProjects/SlickExampleJordan/src/slickexample/ItemWin.java</file>
            <file>file:/home/JordanWeber/NetBeansProjects/SlickExampleJordan/src/slickexample/lose.java</file>
            <file>file:/home/JordanWeber/NetBeansProjects/SlickExampleJordan/src/slickexample/DungeonCrawler.java</file>
            <file>file:/home/JordanWeber/NetBeansProjects/SlickExampleJordan/src/slickexample/Player.java</file>
        </group>
    </open-files>
</project-private>
